"ID",Sort Order,Procedure Name,Slug,Category,Category Label,Short Description,Full Description,Common Uses / Indications,Key Benefits,What To Expect,Sessions & Frequency,Downtime & Recovery,Clinical Considerations & Precautions,FAQs,Related Procedures,Hero Image URL,Added By (Name),Added By Clinic ID,Active Status
proc_botox,1,Botox,botox,aesthetics,Injectables,"FDA-approved neuromodulator to smooth fine lines, forehead creases & crow’s feet.","Botox (Botulinum toxin type A) is a purified protein injection that temporarily relaxes facial muscles causing dynamic wrinkles. It is the gold standard worldwide for softening forehead lines, frown lines between the eyebrows (glabella), and crow’s feet around the eyes, leaving your expression refreshed and naturally rested.","1. Horizontal forehead lines & furrows
2. Frown lines between eyebrows (11 lines)
3. Crow’s feet around the eyes
4. Bunny lines on the nose
5. Jawline slimming & masseter reduction
6. Excessive underarm sweating (Hyperhidrosis)","• Visible wrinkle reduction in 4 to 7 days
• Quick 15–20 minute in-clinic procedure
• Zero downtime — return to work immediately
• Preserves natural facial expressions when administered by experts
• Prevents deeper wrinkle formation over time",Your dermatologist will assess facial muscle dynamics and mark injection points. Tiny micro-injections are delivered using ultra-fine needles. You will feel a minor pinch lasting only a few seconds. Mild redness or tiny bumps resolve within 30 minutes.,Single session delivers results lasting 3 to 5 months. Maintenance sessions are recommended 2–3 times a year.,"Zero downtime. Avoid touching the area, strenuous workouts, and lying down flat for 4 hours post-procedure.","• Mild temporary redness or pinprick bruising
• Avoid blood-thinning supplements 48 hours prior
• Not recommended during pregnancy or breastfeeding
• Always performed by certified MD Dermatologists for optimal symmetry","Q: Will my face look frozen or unnatural?
A: No. When administered by our verified board-certified dermatologists, precise micro-dosing softens lines while maintaining natural, expressive facial movement.

Q: How long does Botox take to show full results?
A: Initial effects appear in 3–5 days, with peak, optimal smoothing visible at 10–14 days.

Q: How many units will I need?
A: Units depend on your muscle strength and target zones (typically 12–20 units for forehead, 16–24 for crow’s feet). Your doctor will customize this during consultation.","dermal-fillers, chemical-peel, skin-tightening",https://images.unsplash.com/photo-1512290900672-1f02f9019688?q=80&w=1200&auto=format&fit=crop,System,,Active
proc_fillers,2,Dermal Fillers,dermal-fillers,aesthetics,Injectables,"Hyaluronic acid gels to restore lost facial volume, plump lips and sculpt contours.","Dermal fillers are formulated with biocompatible Hyaluronic Acid (HA) to instantly restore facial volume, lift sagging cheeks, define the jawline, soften smile lines (nasolabial folds), and hydrate lips.","1. Lip definition, plumping and hydration
2. Cheekbone contouring & volume restoration
3. Under-eye hollows & tear trough brightening
4. Jawline sculpting & chin enhancement
5. Smile lines (Nasolabial folds) softening","• Instant, visible lifting and volume
• High safety profile with dissolvable Hyaluronic Acid
• Natural-looking enhancement tailored to your bone structure
• Long-lasting results from 9 to 18 months",Numbing cream is applied for 20 minutes. Fillers containing built-in lidocaine are carefully placed using fine micro-cannulas or needles for maximum precision and minimal bruising.,Single session delivers immediate results. Touch-ups are typically scheduled once every 12 months.,1 to 2 days of mild swelling or localized tenderness. Normal activities can resume immediately.,"• Mild swelling is normal for the first 24–48 hours
• Avoid excessive heat, saunas, and intense workouts for 48 hours
• Choose verified injectors with deep anatomical expertise","Q: Are dermal fillers reversible?
A: Yes. Hyaluronic acid fillers can be instantly dissolved using an enzyme called Hyaluronidase if adjustment is ever desired.

Q: How soon can I see results?
A: Results are noticeable immediately, with optimal settling occurring within 7 to 10 days after mild swelling subsides.","botox, skin-tightening, hydrafacial",https://images.unsplash.com/photo-1522337360788-8b13dee7a37e?q=80&w=1200&auto=format&fit=crop,System,,Active
proc_hydrafacial,3,Hydrafacial MD,hydrafacial,skin,Skin Health,"Medical-grade 3-in-1 hydradermabrasion: cleanse, extract blackheads & infuse antioxidant serums.","Hydrafacial MD is a patented medical-grade skin treatment that uses Vortex-Fusion technology to deeply cleanse pores, extract sebum and blackheads painlessly, and saturate the skin with intensive hydration, peptides, and botanical antioxidants.","1. Clogged pores, blackheads and whiteheads
2. Dull, tired or dehydrated skin
3. Uneven skin texture and tone
4. Pre-event instant luminous glow","• Instant radiant glow with zero redness or peeling
• Deeply cleanses congested pores without manual squeezing
• Customizable booster serums for anti-ageing or brightening
• Safe for all skin types and skin tones year-round","A gentle, soothing 45-minute treatment across 3 steps: Cleansing & Exfoliation, Acid Peel & Vortex Extraction, followed by Antioxidant & Hyaluronic Acid Infusion.","Recommended once a month for optimal skin health, or 2–3 days before special occasions.","Zero downtime. You can wear makeup immediately, although you will love your natural bare glow.","• Gentle on sensitive skin
• Avoid active retinol/AHA acids 24 hours prior","Q: Is Hydrafacial painful?
A: Not at all. Most patients describe it as a cool paintbrush moving across the face, followed by a gentle suction sensation.

Q: Can I do Hydrafacial before a wedding or party?
A: Yes! It is the ideal red-carpet glow treatment. We recommend getting it done 24–48 hours before your event.","chemical-peel, skin-brightening, microneedling",https://images.unsplash.com/photo-1570172619644-dfd03ed5d881?q=80&w=1200&auto=format&fit=crop,System,,Active
proc_peel,4,Chemical Peel,chemical-peel,skin,Skin Health,"Dermatologist-formulated peeling solutions for acne, active breakouts, stubborn tan & dark spots.","A clinical chemical peel uses controlled organic exfoliating acids (Glycolic, Salicylic, Lactic, Mandelic, or TCA) to safely dissolve the outer layer of dead, sun-damaged skin cells, accelerating cellular turnover to reveal smoother, even-toned skin.","1. Active acne breakouts and post-acne pigmentation
2. Sun tan, uneven pigmentation and melasma
3. Enlarged pores and rough texture
4. Superficial fine lines and dullness","• Rapid clearance of active breakouts and blackheads
• Fades dark acne marks (PIH) and sun spots
• Refines pore size and restores smooth texture
• Tailored peel strength customized to Indian skin types",The skin is thoroughly degreased before applying the selected chemical peel solution. You will experience a mild warm or tingling sensation for 3 to 7 minutes before neutralizer is applied.,Series of 4 to 6 sessions spaced 2 to 3 weeks apart for best transformative results.,Mild flaking or micro-peeling for 2 to 4 days depending on peel depth. Strict sun protection is required.,"• Sunscreen application (SPF 50+) is mandatory post-peel
• Do not pick or scratch flaking skin
• Discontinue retinoids 3 days before treatment","Q: Will my whole face peel visibly in sheets?
A: Modern superficial and medium peels produce gentle micro-flaking rather than dramatic sheet peeling, allowing you to carry on with your daily routine.","hydrafacial, pigmentation-treatment, acne-scar-treatment",https://images.unsplash.com/photo-1516549655169-df83a0774514?q=80&w=1200&auto=format&fit=crop,System,,Active
proc_microneedling,5,Microneedling / Dermapen,microneedling,skin,Skin Resurfacing,"Precision collagen induction therapy to diminish acne scars, shrink pores & firm skin.","Microneedling (Collagen Induction Therapy) uses an automated medical device with microscopic sterile needles to create controlled micro-channels in the dermis. This triggers the skin’s natural healing cascade, boosting collagen and elastin production.","1. Depressed acne scars (boxcar, rolling, icepick)
2. Enlarged open pores and uneven texture
3. Fine lines and loss of skin elasticity
4. Surgical scars and stretch marks","• Significant improvement in acne scar depth and texture
• Stimulates body’s own natural collagen production
• Enhances topical serum absorption by over 300%
• Safe for darker skin tones with minimal risk of pigmentation",Topical numbing cream is applied for 30–45 minutes for a comfortable experience. The Dermapen device is gently passed across the target zones with calming hyaluronic acid or growth factor serums.,3 to 5 sessions spaced 4 weeks apart deliver permanent collagen remodeling benefits.,1 to 2 days of mild sunburn-like redness. Mineral makeup can be applied after 24 hours.,"• Avoid direct sun exposure for 48 hours
• Keep skin hydrated with dermatologist-recommended barrier creams","Q: Does microneedling hurt?
A: With our clinical-grade topical numbing cream, discomfort is very low — most patients feel only a slight vibration or light scratch.","acne-scar-treatment, prp-hair-treatment, chemical-peel",https://images.unsplash.com/photo-1616394584738-fc6e612e71b9?q=80&w=1200&auto=format&fit=crop,System,,Active
proc_lhr,6,Laser Hair Removal,laser-hair-removal,laser,Laser Treatments,"US-FDA approved Triple-Wavelength Diode & Alexandrite lasers for painless, permanent hair reduction.","Laser Hair Removal uses concentrated laser light beams absorbed by the melanin in hair follicles. The thermal energy destroys the follicle root, permanently stunting future hair growth while keeping surrounding skin cool and protected with advanced contact cooling tips.","1. Full body hair reduction (legs, arms, back, chest)
2. Facial hair (upper lip, chin, jawline, sideburns)
3. Bikini line and underarms
4. Ingrown hair and strawberry legs prevention","• Up to 90% permanent hair reduction
• Completely eliminates painful waxing, razor bumps & ingrown hairs
• Advanced ice-cooling handpieces ensure virtually painless sessions
• Safe and effective on all Indian skin types","The area is shaved and marked. A cooling gel is applied, and the laser handpiece glides smoothly across the skin delivering rapid pulses with ice-cold contact cooling.","6 to 8 sessions spaced 4 to 6 weeks apart, matching the active hair growth cycles (anagen phase).",Zero downtime. Mild transient redness usually resolves within 1 to 2 hours.,"• Shave target area 24 hours prior; avoid waxing or plucking for 3 weeks
• Avoid tanning or active sun exposure before sessions","Q: Is Laser Hair Removal permanent?
A: It provides long-term permanent hair reduction (80–90% reduction). Any remaining fine hairs grow back much slower, lighter, and softer, requiring only an occasional yearly maintenance session.","laser-toning, skin-brightening",https://images.unsplash.com/photo-1560750588-73207b1ef5b8?q=80&w=1200&auto=format&fit=crop,System,,Active
proc_laser_toning,7,Q-Switched Laser Toning,laser-toning,laser,Laser Treatments,"Nanosecond Nd:YAG laser to fragment deep melanin, clarify skin tone & stimulate collagen.","Q-Switched Nd:YAG laser toning delivers safe, non-ablative high-energy nanosecond pulses that shatter stubborn deep pigmentation and dermal melanin deposits into microscopic fragments, which your body naturally clears over subsequent weeks.","1. Stubborn melasma and hyperpigmentation
2. Sun damage, dark patches and age spots
3. Post-inflammatory hyperpigmentation (PIH)
4. Dull skin tone and overall carbon laser peel glow","• Targets deep dermal pigmentation without burning the surface skin
• Evens out patchy skin tone and brightens complexion
• Stimulates deep collagen renewal to shrink pores
• No peeling or visible skin breakage",You will wear protective eye goggles. The laser pulses feel like tiny warm rubber band snaps across the face. The session takes about 20 minutes.,"4 to 6 sessions every 2–3 weeks for progressive, lasting skin clarity.",Zero downtime. Mild warmth or pinkness subsides within 30 minutes.,• Daily broad-spectrum sunscreen is essential to maintain results,"Q: Can Q-Switched laser worsen pigmentation?
A: When performed by skilled dermatologists using certified machines with proper cooling protocols, Q-Switched toning is exceptionally safe for Asian skin types.","pigmentation-treatment, skin-brightening, chemical-peel",https://images.unsplash.com/photo-1519699047748-de8e457a634e?q=80&w=1200&auto=format&fit=crop,System,,Active
proc_acne_scars,8,Acne Scar Treatment (Subcision + Fractional),acne-scar-treatment,skin,Scar Revision,"Multi-modality scar remodeling: Subcision, TCA Cross, Fractional CO2 / Erbium Laser & MNRF.","Comprehensive acne scar revision tailored to your scar types (icepick, boxcar, and rolling scars). Combines subcision to release tethered fibrous bands with Fractional Resurfacing and Microneedle Radiofrequency (MNRF) for profound collagen rebuilding.","1. Rolling scars and tethered depressions
2. Boxcar scars and uneven dermal indentations
3. Deep icepick scars (treated with TCA Cross)
4. Enlarged textural pores and rough scar margins","• Clinically proven 60–80% improvement in scar depth
• Multi-modality customized approach based on scar mapping
• Permanent scar restructuring and collagen elevation","Detailed scar mapping under tangential lighting, followed by local numbing. Subcision releases bound scar tissue, followed by fractional laser or MNRF energy passes.",3 to 5 combination sessions spaced 4 to 6 weeks apart.,3 to 5 days of micro-crusting and mild redness. Skin settles smoothly with diligent moisturizer use.,"• Active acne should be controlled before scar revision
• Avoid sun exposure during the healing window","Q: Are acne scar treatment results permanent?
A: Yes! The new collagen synthesized during the healing cascade permanently elevates and smoothens the depressed scar tissue.","microneedling, chemical-peel, laser-toning",https://images.unsplash.com/photo-1508214751196-bcfd4ca60f91?q=80&w=1200&auto=format&fit=crop,System,,Active
proc_pigmentation,9,Pigmentation & Melasma Treatment,pigmentation-treatment,skin,Skin Health,"Targeted protocols combining medical depigmentation peels, laser toning & tyrosinase inhibitors.","A multi-layered dermatological protocol designed to regulate excess melanin production at the cellular level. Combines Cosmelan / Dermamelan peels, Nd:YAG laser toning, and clinical antioxidant mesotherapy to lighten stubborn dark patches and melasma.","1. Hormonal melasma and butterfly patches
2. Sun freckles, age spots and lentigines
3. Dark under-eye circles and peri-oral pigmentation
4. Post-inflammatory hyperpigmentation","• Fades deep dermal and epidermal pigmentation
• Suppresses overactive melanocyte activity
• Restores uniform complexion and luminosity","Dermatologist examination using Wood’s lamp or digital dermoscopy to determine pigmentation depth, followed by targeted peel or laser application.",3 to 6 sessions customized to the severity and depth of pigmentation.,Minimal to 2 days of mild peeling depending on the specific protocol used.,• Requires consistent homecare regimen and strict sun defense,"Q: Can melasma be cured completely?
A: Melasma can be dramatically faded and controlled with clinical treatments and proper maintenance, though sun protection is vital to prevent recurrence.","laser-toning, chemical-peel, skin-brightening",https://images.unsplash.com/photo-1573496359142-b8d87734a5a2?q=80&w=1200&auto=format&fit=crop,System,,Active
proc_brightening,10,Skin Brightening & Medi-Facials,skin-brightening,skin,Medi-Facials,"Customized dermatologist medi-facials with Glutathione, Vitamin C infusions & Oxygen therapy.","Clinical-grade medi-facials engineered by dermatologists to revitalize fatigued skin. Utilizes ultrasonic sonophoresis, oxygen dome therapy, and active infusions of pure Vitamin C, Glutathione, and Hyaluronic acid for an immediate, healthy glass-skin radiance.","1. Dull, stressed and polluted skin
2. Pre-wedding and festive skin prep
3. Dehydrated skin needing deep moisture infusion
4. Uneven skin tone and environmental damage","• Instant glass-skin glow with intense hydration
• Detoxifies and infuses pure botanical antioxidants
• Completely relaxing with zero discomfort","Relaxing multi-step treatment including ultrasonic pore cleanse, antioxidant serum infusion, lymphatic drainage massage, and cooling hydrogel mask.",Can be done as a single pre-event treatment or monthly for continuous maintenance.,Zero downtime.,• Suitable for all skin types including sensitive skin,"Q: How is a Medi-Facial different from a regular salon facial?
A: Medi-facials use pharmaceutical-grade active ingredients, sterile medical equipment, and proven scientific protocols tailored by dermatologists rather than standard cosmetic creams.","hydrafacial, chemical-peel, pigmentation-treatment",https://images.unsplash.com/photo-1540555700478-4be289fbecef?q=80&w=1200&auto=format&fit=crop,System,,Active
proc_prp_hair,11,PRP Hair Restoration Treatment,prp-hair-treatment,hair,Hair & Scalp Aesthetics,Autologous Platelet-Rich Plasma rich in growth factors to reverse hair thinning & stimulate follicles.,"Platelet-Rich Plasma (PRP) therapy utilizes your own blood’s concentrated platelets, rich in bioactive growth factors (PDGF, VEGF, TGF-beta). When injected into thinning areas of the scalp, it awakens dormant hair follicles, strengthens hair roots, and increases hair shaft diameter.","1. Early to moderate androgenetic alopecia (pattern hair loss)
2. Diffuse hair thinning and excessive shedding
3. Telogen effluvium (post-stress or illness hair fall)
4. Post-hair transplant graft nourishment","• 100% natural, using your body’s own healing platelets
• Clinically proven to reduce hair fall within 2–3 sessions
• Increases hair thickness and overall scalp density
• No risk of allergy or foreign body reaction",A small blood sample (15–20 ml) is drawn and spun in a specialized centrifuge to isolate the golden platelet-rich layer. The scalp is numbed with cooling spray and tiny micro-droplets are delivered into the scalp.,"Initial protocol of 4 sessions spaced 3 to 4 weeks apart, followed by maintenance every 4 to 6 months.",Zero to few hours of mild scalp tightness. You can wash your hair the following morning.,"• Stay well hydrated before your appointment
• Avoid anti-inflammatory pain medication 48 hours prior","Q: When will I start seeing hair growth?
A: Reduced hair shedding is typically noticed after 2 sessions. Visible new baby hair growth and thickening of existing strands appear around the 3rd to 4th month.","microneedling, skin-brightening",https://images.unsplash.com/photo-1527799820374-dcf8d9d4a388?q=80&w=1200&auto=format&fit=crop,System,,Active
proc_tightening,12,Skin Tightening (HIFU & RF),skin-tightening,aesthetics,Anti-Aging & Facial Aesthetics,"High-Intensity Focused Ultrasound & Radiofrequency to lift jowls, tighten neck & firm skin.",Non-surgical skin tightening uses focused ultrasound energy (HIFU) or multi-polar radiofrequency (RF) to heat deep dermal and SMAS layers (the foundation layer tightened in surgical facelifts). This triggers immediate collagen contraction and long-term synthesis.,"1. Mild to moderate jowl sagging and jawline softening
2. Double chin reduction and neck tightening
3. Brow lifting and upper eyelid heaviness
4. Nasolabial fold lifting and cheek elevation","• Non-surgical facelift alternative with no incisions or scars
• Lifts and defines the lower face and jawline
• Collagen building continues for up to 6 months post-treatment
• Single-session treatment with results lasting 12–18 months","Ultrasound gel is applied to the target zones. The HIFU transducer delivers focused energy pulses at precise depths (1.5mm, 3.0mm, and 4.5mm). You will feel warm prickling pulses along the jawline and cheekbones.","Single session is usually sufficient, with annual maintenance.",Zero downtime. Mild tenderness along the jawline for a few days indicates active collagen remodeling.,• Best suited for mild to moderate skin laxity,"Q: How does HIFU compare to surgical facelifts?
A: HIFU is non-invasive, requires zero incisions or recovery time, and delivers natural, subtle lifting by stimulating your own collagen, making it ideal for preventative and moderate age-related laxity.","botox, dermal-fillers, microneedling",https://images.unsplash.com/photo-1512496015851-a90fb38ba796?q=80&w=1200&auto=format&fit=crop,System,,Active
proc_medical_facial,13,Medical Facial,medical-facial,skin,Facial & Skin Rejuvenation,"Dermatologist-guided facial treatment using clinical cleansing, exfoliation and skin-conditioning steps.","A medical facial is a clinician-supervised skin treatment rather than a single standardized procedure. The protocol can combine cleansing, gentle exfoliation, extraction when appropriate, hydration and targeted topical products based on the patient's skin and goals.","1. Dull or tired-looking skin
2. Mild congestion
3. Dry or dehydrated skin
4. Short-term skin refresh before an event","• Removes superficial buildup
• Can improve temporary smoothness and hydration
• Protocol can be adapted to the patient's skin","Skin is assessed first. The face is cleansed and the selected exfoliation, extraction, infusion or soothing steps are performed. The final products are chosen to support the skin barrier.",Often performed as a single treatment; repeat frequency depends on the protocol and skin needs.,Usually little to no downtime; mild temporary redness can occur after exfoliation or extraction.,"• Tell the clinician about active skin conditions and current products
• Use gentle skincare and sunscreen after treatment
• Avoid aggressive exfoliation until the skin has recovered","Q: Is a medical facial the same as a salon facial?
A: Not necessarily. A medical facial is performed under clinical supervision and should be selected according to the patient's skin condition and goals.","hydrafacial, skin-brightening, chemical-peel",https://images.unsplash.com/photo-1570172619644-dfd03ed5d881?q=80&w=1200&auto=format&fit=crop,System,,Active
proc_skin_rejuvenation,14,Skin Rejuvenation,skin-rejuvenation,skin,Facial & Skin Rejuvenation,"An umbrella term for treatments that improve skin texture, tone, pigmentation, hydration or early signs of ageing.","Skin rejuvenation is not one procedure. Depending on the concern, a dermatologist may use chemical peels, microneedling, lasers, radiofrequency or other treatments to improve the appearance and quality of the skin.","1. Uneven tone or texture
2. Dullness or photodamage
3. Fine lines
4. Early loss of firmness","• Can target several visible signs of skin ageing
• Treatment can be tailored to skin type and concern
• Different modalities can be combined when clinically appropriate","The clinician assesses skin type, pigmentation, texture and goals before choosing a modality. Treatment experience and recovery depend on what is selected.",Varies widely by modality; some treatments are single-session while others are performed as a series.,Ranges from none to several days depending on the treatment selected.,"• A diagnosis and skin assessment should guide treatment selection
• Darker skin may have greater risk of pigment changes after some laser procedures
• Follow modality-specific aftercare","Q: What is the best skin-rejuvenation treatment?
A: There is no single best option. The appropriate treatment depends on the concern, skin type, desired result and tolerance for downtime.","medical-facial, chemical-peel, microneedling, laser-toning",https://images.unsplash.com/photo-1616394584738-fc6e612e71b9?q=80&w=1200&auto=format&fit=crop,System,,Active
proc_glow_radiance,15,Glow / Radiance Treatment,glow-radiance-treatment,skin,Facial & Skin Rejuvenation,"Skin-refresh treatments aimed at improving the appearance of dullness, uneven tone and surface texture.","This is a treatment category rather than one standardized procedure. Depending on the patient's skin, a dermatologist may use gentle exfoliation, hydration, medical facial techniques or selected light/laser treatments to improve visible radiance.","1. Dull complexion
2. Mild uneven tone
3. Surface roughness
4. Pre-event skin refresh","• Can improve visible brightness and smoothness
• May improve temporary dehydration-related dullness
• Usually requires less recovery than aggressive resurfacing","The skin is assessed and the clinician chooses a low-irritation protocol. Cleansing, exfoliation and hydration are common components, but the exact steps vary.",Often one treatment for a short-term refresh; maintenance depends on the selected procedure.,Usually minimal; mild redness or sensitivity can occur depending on exfoliation or device used.,"• Persistent pigmentation should be assessed rather than treated as simple 'dullness'
• Use sunscreen consistently
• Avoid irritating products immediately after treatment","Q: Does a glow treatment permanently remove pigmentation?
A: No. It may improve the appearance of uneven tone, but persistent pigmentation needs diagnosis and a targeted treatment plan.","medical-facial, skin-brightening, chemical-peel",https://images.unsplash.com/photo-1515377905703-c4788e51af15?q=80&w=1200&auto=format&fit=crop,System,,Active
proc_skin_hydration,16,Skin Hydration Treatment,skin-hydration-treatment,skin,Facial & Skin Rejuvenation,Treatments designed to improve skin hydration and support the skin barrier.,"Hydration treatments can use topical products, device-assisted delivery or injectable skin boosters depending on the clinical goal. They are intended to improve the appearance and feel of dehydrated skin rather than permanently change facial structure.","1. Dry or dehydrated skin
2. Tight or rough-feeling skin
3. Dehydration-related fine lines
4. Dull appearance","• Improves skin softness and hydration
• Can support the skin barrier
• May reduce the appearance of dehydration lines","The clinician identifies whether the issue is dryness, dehydration, barrier damage or another condition. Treatment may involve cleansing, hydrating actives and barrier-supportive products.","Depends on modality; topical/device-based treatments may be repeated every few weeks, while injectable boosters follow product-specific protocols.","Usually little to no downtime for non-injectable protocols; injectable boosters can cause temporary redness, swelling or bruising.","• Tell the clinician about active dermatitis or infection
• Avoid aggressive actives if the barrier is irritated
• Injectable treatments require medical assessment","Q: How long do hydration results last?
A: Results are generally temporary and depend on the treatment, skin condition and ongoing skincare.","hydrafacial, medical-facial, skin-boosters",https://images.unsplash.com/photo-1556228578-0d85b1a4d571?q=80&w=1200&auto=format&fit=crop,System,,Active
proc_carbon_laser_peel,17,Carbon Laser Peel,carbon-laser-peel,skin,Facial & Skin Rejuvenation,Laser-based facial treatment using a carbon lotion followed by laser energy to refresh the skin.,"A carbon laser peel, often called a carbon facial, uses a carbon-containing lotion on the skin followed by laser passes. It is commonly marketed for oily skin, visible pores and dullness; results and suitability depend on the laser settings and the underlying concern.","1. Oily or congested skin
2. Dull appearance
3. Visible pores
4. Mild uneven texture","• Can temporarily improve surface smoothness and brightness
• May reduce surface oiliness
• Usually has limited recovery","The skin is cleansed, carbon lotion is applied and allowed to settle, then laser passes are performed with protective eyewear. A soothing product is usually applied afterward.","Often performed as a series, commonly spaced several weeks apart; exact number depends on the indication and response.",Usually minimal; temporary warmth or redness is possible.,"• Laser choice and settings should be individualized
• Darker skin can be more prone to post-inflammatory pigment changes after laser treatment
• Strict sun protection is important","Q: Does a carbon laser peel cause the same peeling as a chemical peel?
A: Usually no. It is primarily a laser-based treatment and typically causes much less visible peeling than a medium or deep chemical peel.","laser-toning, chemical-peel, hydrafacial",https://images.unsplash.com/photo-1598440947619-2c35fc9aa908?q=80&w=1200&auto=format&fit=crop,System,,Active
proc_laser_toning,18,Laser Toning,laser-toning,skin,Facial & Skin Rejuvenation,Low-fluence laser treatment used to target unwanted pigmentation and improve overall skin tone.,"Laser toning commonly uses low-fluence, short-pulsed Nd:YAG laser energy to target pigment with relatively low surface injury. It is used in selected cases of pigmentation and uneven tone, but treatment parameters and suitability are important because pigmentary complications can occur.","1. Selected facial hyperpigmentation
2. Uneven skin tone
3. Some sun-related pigmentation
4. Selected melasma protocols under specialist care","• Can reduce the appearance of selected pigmentation
• Usually has limited downtime when appropriately performed
• Can be used as part of a broader pigmentation plan",Protective eyewear is used and the laser is delivered in multiple passes. The treated skin may feel warm or mildly pink afterward.,Usually requires multiple sessions spaced weeks apart; the schedule depends on diagnosis and response.,Often minimal; temporary redness or warmth can occur.,"• Pigmentation must be diagnosed before treatment
• Melasma can recur and laser is not always first-line therapy
• Darker skin has increased risk of burns or post-inflammatory hyperpigmentation
• Sun protection is essential","Q: Is laser toning suitable for all pigmentation?
A: No. Different causes of pigmentation respond differently, and some conditions can worsen with aggressive laser treatment.","carbon-laser-peel, q-switched-ndyag-laser, pigmentation-treatment",https://images.unsplash.com/photo-1573496359142-b8d87734a5a2?q=80&w=1200&auto=format&fit=crop,System,,Active
proc_photo_facial_ipl,19,Photo Facial / IPL,photo-facial-ipl,skin,Facial & Skin Rejuvenation,Intense pulsed light treatment that targets selected pigment and vascular changes and can improve overall skin appearance.,"IPL uses a broad spectrum of non-coherent light rather than a single laser wavelength. Depending on the device and settings, it can target superficial brown pigment, redness and some photoaging changes.","1. Freckles and selected sun spots
2. Facial redness from superficial vessels
3. Uneven skin tone
4. Some photoaging changes","• Can improve selected pigment and redness
• Can create more even-looking skin tone
• Non-surgical treatment with relatively short recovery",Protective eyewear is used. Short pulses of light are delivered over the skin; treated pigment may temporarily darken before fading.,Often performed as a series of treatments several weeks apart; the exact course depends on the indication.,Usually mild redness and swelling for hours to a few days; pigmented spots may darken temporarily.,"• IPL is not suitable for every skin tone or every pigment disorder
• Recent tanning increases risk of burns/pigment changes
• Sun protection before and after treatment is important","Q: Is IPL the same as a laser?
A: No. IPL emits a broad range of light wavelengths, while a laser generally emits a specific wavelength.","laser-toning, pigmentation-treatment, chemical-peel",https://images.unsplash.com/photo-1616394584738-fc6e612e71b9?q=80&w=1200&auto=format&fit=crop,System,,Active
proc_glycolic-acid-peel,20,Glycolic Acid Peel,glycolic-acid-peel,skin,Chemical Peels,Alpha-hydroxy-acid peel using glycolic acid to exfoliate the outer skin layers.,"Glycolic acid is an alpha-hydroxy acid (AHA) used in superficial chemical peels. Concentration, pH and contact time determine depth, so medical protocols should be individualized.","1. Dull complexion
2. Uneven texture
3. Mild acne or post-acne marks
4. Fine superficial lines","• Exfoliates superficial skin cells
• Can improve texture and brightness
• May help selected acne and pigment concerns","The skin is cleansed and the acid is applied for a controlled period, then neutralized or removed according to the formulation. Mild stinging is common.",Usually a series of superficial peels spaced a few weeks apart; exact protocol varies.,"Mild redness, dryness or flaking for a few days is possible.",• Avoid use on actively irritated or infected skin. Sun protection is essential. Stronger peels have greater risk of irritation and pigment change.,"Q: Is Glycolic Acid Peel suitable for everyone?
A: No. Suitability depends on the diagnosis, skin type, active skin conditions and the depth of peel required. A dermatologist should select the formulation and strength.","chemical-peel, skin-rejuvenation, pigmentation-treatment",https://images.unsplash.com/photo-1616394584738-fc6e612e71b9?q=80&w=1200&auto=format&fit=crop,System,,Active
proc_salicylic-acid-peel,21,Salicylic Acid Peel,salicylic-acid-peel,skin,Chemical Peels,"Beta-hydroxy-acid peel particularly useful for oily, acne-prone and congested skin.",Salicylic acid is a lipophilic beta-hydroxy acid that penetrates into oily follicles and is commonly used in superficial peels for acne and comedonal congestion.,"1. Comedonal acne
2. Oily or congested skin
3. Post-acne marks
4. Rough texture","• Helps exfoliate inside and around follicles
• Can reduce comedonal congestion
• May improve superficial post-acne discoloration","The skin is prepared and the peel is applied for a controlled period. Mild tingling or stinging can occur, followed by dryness or light peeling.",Often performed as a series every few weeks; response and tolerance guide the schedule.,"Usually mild redness and dryness, with light peeling possible.",• Avoid on irritated/broken skin. Tell the clinician about aspirin/salicylate sensitivity and all active skincare. Use sunscreen.,"Q: Is Salicylic Acid Peel suitable for everyone?
A: No. Suitability depends on the diagnosis, skin type, active skin conditions and the depth of peel required. A dermatologist should select the formulation and strength.","chemical-peel, skin-rejuvenation, pigmentation-treatment",https://images.unsplash.com/photo-1616394584738-fc6e612e71b9?q=80&w=1200&auto=format&fit=crop,System,,Active
proc_lactic-acid-peel,22,Lactic Acid Peel,lactic-acid-peel,skin,Chemical Peels,Gentle alpha-hydroxy-acid peel used for superficial exfoliation and skin brightening.,Lactic acid is an AHA that can exfoliate the stratum corneum while also acting as a humectant. It is commonly used in superficial peel protocols when a milder exfoliating approach is desired.,"1. Dull skin
2. Mild uneven tone
3. Rough surface texture
4. Dry-looking skin","• Gentle superficial exfoliation
• Can improve smoothness and brightness
• Often chosen when a milder peel is appropriate","The skin is cleansed, the peel is applied and then removed or neutralized according to the product protocol.",Usually a series at intervals of a few weeks when clinically indicated.,"Minimal to mild redness, dryness or flaking.",• Do not use on compromised skin. Sun protection is important. Avoid combining multiple strong exfoliants without clinician guidance.,"Q: Is Lactic Acid Peel suitable for everyone?
A: No. Suitability depends on the diagnosis, skin type, active skin conditions and the depth of peel required. A dermatologist should select the formulation and strength.","chemical-peel, skin-rejuvenation, pigmentation-treatment",https://images.unsplash.com/photo-1616394584738-fc6e612e71b9?q=80&w=1200&auto=format&fit=crop,System,,Active
proc_mandelic-acid-peel,23,Mandelic Acid Peel,mandelic-acid-peel,skin,Chemical Peels,Superficial AHA peel using mandelic acid for gradual exfoliation and tone/texture improvement.,"Mandelic acid is an alpha-hydroxy acid with a larger molecular structure than glycolic acid, resulting in slower penetration. It is used in superficial peel protocols for texture, acne and uneven pigmentation.","1. Mild acne and congestion
2. Uneven tone
3. Dullness
4. Rough texture","• Provides controlled superficial exfoliation
• Can improve skin smoothness and tone
• Often selected when a gentler peel is preferred",The skin is cleansed and the peel is applied for a controlled time before removal or neutralization. Mild tingling may occur.,Usually performed as a series of superficial treatments spaced several weeks apart.,Usually mild redness or dryness; visible peeling may be limited.,• Individualize for skin sensitivity and pigment risk. Avoid irritated skin and follow post-peel sun protection.,"Q: Is Mandelic Acid Peel suitable for everyone?
A: No. Suitability depends on the diagnosis, skin type, active skin conditions and the depth of peel required. A dermatologist should select the formulation and strength.","chemical-peel, skin-rejuvenation, pigmentation-treatment",https://images.unsplash.com/photo-1616394584738-fc6e612e71b9?q=80&w=1200&auto=format&fit=crop,System,,Active
proc_tca-peel,24,TCA Peel,tca-peel,skin,Chemical Peels,Trichloroacetic-acid peel whose depth varies with concentration and application technique.,TCA can produce superficial to deeper chemical injury depending on concentration and technique. Superficial TCA peels may improve pigmentation and texture; deeper peels carry substantially more risk and should only be performed by appropriately trained clinicians.,"1. Selected pigmentation
2. Sun-damaged skin
3. Texture irregularity
4. Selected superficial scars","• Controlled exfoliation and resurfacing
• Can improve selected pigmentation and texture
• Stronger concentrations reach deeper skin layers","The clinician prepares the skin and applies TCA in a controlled manner. Frosting, burning or stinging can occur depending on depth. Aftercare is important while the skin heals.",Superficial protocols may be repeated after several weeks; deeper peels are less frequent and require longer recovery.,Superficial peels may flake for several days; deeper peels can require substantially longer healing.,"• TCA depth must be carefully controlled. There is risk of burns, infection and post-inflammatory pigment changes, particularly in darker skin. Strict aftercare is essential.","Q: Is TCA Peel suitable for everyone?
A: No. Suitability depends on the diagnosis, skin type, active skin conditions and the depth of peel required. A dermatologist should select the formulation and strength.","chemical-peel, skin-rejuvenation, pigmentation-treatment",https://images.unsplash.com/photo-1616394584738-fc6e612e71b9?q=80&w=1200&auto=format&fit=crop,System,,Active
proc_combination-acne-peel,25,Combination / Acne Peel,combination-acne-peel,skin,Chemical Peels,"Multi-acid superficial peel selected to address acne, congestion and post-acne discoloration.","Combination peels use more than one exfoliating ingredient, commonly selected according to acne severity, oiliness and pigmentation. The formulation and strength vary by product and clinician.","1. Acne and comedones
2. Post-acne marks
3. Oily skin
4. Uneven texture","• Can reduce superficial congestion
• May improve post-acne discoloration
• Can smooth surface texture","After cleansing and preparation, the selected peel is applied for a controlled time and removed or neutralized according to the formulation.",Typically performed as a series several weeks apart when appropriate.,"Mild redness, dryness and peeling are common with superficial protocols.","• Active dermatitis, infection or significant irritation may require postponement. Avoid unapproved at-home combinations and use sunscreen.","Q: Is Combination / Acne Peel suitable for everyone?
A: No. Suitability depends on the diagnosis, skin type, active skin conditions and the depth of peel required. A dermatologist should select the formulation and strength.","chemical-peel, skin-rejuvenation, pigmentation-treatment",https://images.unsplash.com/photo-1616394584738-fc6e612e71b9?q=80&w=1200&auto=format&fit=crop,System,,Active
proc_pigmentation-peel,26,Pigmentation Peel,pigmentation-peel,skin,Chemical Peels,Chemical peel protocol selected to reduce the appearance of excess superficial pigment.,"Pigmentation peels may use agents such as glycolic acid, salicylic acid, lactic acid or TCA, depending on the diagnosis. A peel should follow assessment of the cause of pigmentation rather than treating every dark patch the same way.","1. Selected superficial hyperpigmentation
2. Post-inflammatory hyperpigmentation
3. Some sun-related pigmentation
4. Selected melasma protocols","• Can reduce superficial excess pigment
• May improve uneven tone
• Often combined with sun protection and topical therapy","The clinician identifies the type and depth of pigmentation, then applies a selected peel under controlled conditions.",Usually a series of treatments spaced weeks apart; maintenance may be required for recurrent pigmentation.,Mild to moderate peeling depending on depth.,"• Pigmentation can worsen after inflammation, especially in darker skin. Diagnosis and strict photoprotection are important.","Q: Is Pigmentation Peel suitable for everyone?
A: No. Suitability depends on the diagnosis, skin type, active skin conditions and the depth of peel required. A dermatologist should select the formulation and strength.","chemical-peel, skin-rejuvenation, pigmentation-treatment",https://images.unsplash.com/photo-1616394584738-fc6e612e71b9?q=80&w=1200&auto=format&fit=crop,System,,Active
proc_under-eye-peel,27,Under-eye Peel,under-eye-peel,skin,Chemical Peels,A carefully selected superficial peel protocol for pigmentation or texture around the eyes.,"Periocular skin is thin and sensitive. Under-eye peels, when used, require conservative formulations and careful placement by an experienced clinician; they are not appropriate for every cause of dark circles.","1. Selected periocular pigmentation
2. Mild surface texture changes
3. Selected superficial discoloration","• May improve selected superficial pigmentation
• Can smooth surface texture
• Non-surgical option when an appropriate cause is identified",The area is assessed carefully and a conservative peel may be applied with strict avoidance of the eye surface. Burning or irritation should not be ignored.,"Usually a series if indicated, with intervals determined by the clinician.","Temporary redness, dryness or peeling may occur.",• Avoid if the skin is irritated or compromised. Eye protection and precise application are essential. Dark circles caused by hollowness or visible vessels may not respond to a peel.,"Q: Is Under-eye Peel suitable for everyone?
A: No. Suitability depends on the diagnosis, skin type, active skin conditions and the depth of peel required. A dermatologist should select the formulation and strength.","chemical-peel, skin-rejuvenation, pigmentation-treatment",https://images.unsplash.com/photo-1616394584738-fc6e612e71b9?q=80&w=1200&auto=format&fit=crop,System,,Active
proc_carbon-laser,28,Carbon Laser,carbon-laser,laser,Laser Treatments,"Laser treatment often used with a carbon mask for oily skin, congestion and superficial skin refresh.",Carbon laser treatment generally refers to laser treatment performed after application of a carbon suspension. It is often used for cosmetic skin refresh rather than deep resurfacing.,"1. Oily skin
2. Visible pores
3. Dullness
4. Mild congestion","• May temporarily improve oiliness and skin smoothness
• Can improve visible brightness
• Usually short recovery",Carbon is applied to the skin and laser energy is delivered over the area using protective eyewear.,Often a series of treatments several weeks apart if needed.,Usually minimal redness or warmth.,• Laser settings must be individualized; sun protection is important and darker skin has greater risk of pigmentary complications.,"Q: Is carbon laser the same as carbon peel?
A: The terms are often used interchangeably, but protocols and devices vary. Ask the clinic which laser and protocol will be used.","carbon-laser-peel, laser-toning, chemical-peel",https://images.unsplash.com/photo-1616394584738-fc6e612e71b9?q=80&w=1200&auto=format&fit=crop,System,,Active
proc_q-switched-ndyag-laser,29,Q-switched Nd:YAG Laser,q-switched-ndyag-laser,laser,Laser Treatments,Short-pulsed Nd:YAG laser used for selected pigmentation and other pigment-containing targets.,"Q-switched Nd:YAG lasers deliver very short, high-peak-power pulses that can target pigment. The wavelength and settings are chosen according to the target and skin type.","1. Selected lentigines and superficial pigment
2. Some tattoos
3. Selected melasma/pigment protocols
4. Certain vascular/pigment targets depending on wavelength","• Precise targeting of selected pigment
• Multiple wavelengths can address different targets
• Can be used with relatively limited downtime in selected protocols","Protective eyewear is used. Laser pulses may feel like snapping or heat; pigment can darken, crust or fade depending on the treatment.","Often multiple sessions are required, with spacing based on the target and healing.",Mild redness and temporary darkening or crusting can occur.,• Incorrect settings can cause burns or pigmentary changes. Diagnosis and experienced laser treatment are especially important in darker skin.,"Q: Can Q-switched laser worsen pigmentation?
A: Yes, pigmentary change is a possible complication, particularly with inappropriate settings or susceptible skin, so careful assessment and sun protection matter.","laser-toning, pigmentation-treatment, carbon-laser",https://images.unsplash.com/photo-1616394584738-fc6e612e71b9?q=80&w=1200&auto=format&fit=crop,System,,Active
proc_pigmentation-laser,30,Pigmentation Laser,pigmentation-laser,laser,Laser Treatments,Laser-based treatment selected for specific causes and depths of unwanted pigmentation.,"There is no single 'pigmentation laser.' Clinicians select laser or light technology based on the type of pigment, depth, skin type and risk of post-inflammatory hyperpigmentation.","1. Selected sun spots or lentigines
2. Some post-inflammatory pigmentation
3. Selected melasma protocols
4. Other diagnosed pigment disorders","• Can target selected pigment more directly than topical care alone
• May improve uneven tone
• Treatment can be tailored to pigment type","The clinician first identifies the pigment source and depth, then chooses wavelength and settings. Several sessions may be needed.",Varies by device and diagnosis; many protocols require more than one session.,Ranges from minimal redness to several days of crusting or peeling depending on laser.,• Darker skin is more susceptible to post-inflammatory hyperpigmentation after some lasers. Recent tanning and active inflammation increase risk.,"Q: Will a laser permanently remove pigmentation?
A: Not necessarily. Some pigment can recur because the underlying trigger remains, and melasma in particular is chronic and relapsing.","laser-toning, q-switched-ndyag-laser, chemical-peel",https://images.unsplash.com/photo-1616394584738-fc6e612e71b9?q=80&w=1200&auto=format&fit=crop,System,,Active
proc_acne-scar-laser,31,Acne Scar Laser,acne-scar-laser,laser,Laser Treatments,Laser resurfacing or scar-targeting laser treatment used to reduce the appearance of acne scars.,"Laser treatment can remodel scarred skin and stimulate collagen. The appropriate laser depends on scar type, skin tone and the balance between desired improvement and downtime.","1. Atrophic acne scars
2. Uneven scar texture
3. Scar-related redness or discoloration with selected lasers
4. Mixed acne-scar patterns","• Can soften scar edges and improve texture
• Stimulates collagen remodeling
• Can be combined with other scar treatments",The skin is prepared and laser energy is delivered in a grid or targeted pattern. Ablative treatments create more visible injury and require more recovery than non-ablative options.,Often multiple sessions spaced weeks to months apart depending on laser depth.,Non-ablative treatment may cause days of redness; ablative fractional resurfacing can require longer healing and crusting.,• Active acne should usually be controlled first. Darker skin requires careful laser selection and settings because pigment changes are more likely.,"Q: Is laser enough for every acne scar?
A: No. Rolling, boxcar and ice-pick scars respond differently, and subcision, TCA CROSS, microneedling or other treatments may be combined.","microneedling, rf-microneedling, subcision, tca-cross",https://images.unsplash.com/photo-1616394584738-fc6e612e71b9?q=80&w=1200&auto=format&fit=crop,System,,Active
proc_medical-acne-procedures,32,Medical Acne Procedures,medical-acne-procedures,skin,Acne & Acne Scar Procedures,Clinician-selected procedures used as part of acne treatment when medicines and skincare alone are insufficient.,"Acne is a medical condition with multiple causes. Procedures can sometimes complement standard acne treatment, but they are selected according to acne type, severity, scarring risk and skin sensitivity rather than used as a one-size-fits-all package.","1. Comedonal acne
2. Selected inflammatory acne
3. Acne-related congestion
4. Acne with early scarring risk","• Can address specific lesions or congestion
• May complement topical or oral treatment
• Treatment can be tailored to acne severity",The dermatologist examines the acne and may combine procedures with medical treatment. Procedure choice depends on lesion type and current inflammation.,Frequency varies widely; some procedures are occasional while others are performed as a short series.,Varies from none to several days depending on procedure.,• Do not substitute cosmetic procedures for diagnosis and medical acne management. Some procedures should be avoided during active irritation or infection.,"Q: Can procedures cure acne permanently?
A: Procedures may help control selected aspects of acne, but acne often requires an ongoing medical and skincare plan.","comedone-extraction, chemical-peel-for-acne, microneedling, acne-scar-treatment",https://images.unsplash.com/photo-1616394584738-fc6e612e71b9?q=80&w=1200&auto=format&fit=crop,System,,Active
proc_comedone-extraction,33,Comedone Extraction,comedone-extraction,skin,Acne & Acne Scar Procedures,Manual removal of selected blackheads and whiteheads by a trained clinician.,Comedone extraction uses sterile instruments and controlled pressure to remove accessible comedones. It can provide immediate clearance of selected lesions but does not treat the underlying tendency to develop acne.,"1. Blackheads
2. Whiteheads
3. Localized comedonal congestion","• Immediate removal of selected comedones
• Can reduce visible congestion
• May complement acne treatment","The skin is cleansed and selected comedones are gently opened and expressed. Improper pressure can injure skin, so professional technique matters.",Usually performed as needed rather than on a fixed course.,Minimal; small areas may be red or tender for a day or two.,• Avoid aggressive squeezing at home. Inflamed acne lesions are generally not appropriate for routine extraction.,"Q: Does comedone extraction cure acne?
A: No. It removes existing comedones but does not prevent new lesions; ongoing acne management may still be needed.","chemical-peel-for-acne, medical-acne-procedures, hydrafacial",https://images.unsplash.com/photo-1616394584738-fc6e612e71b9?q=80&w=1200&auto=format&fit=crop,System,,Active
proc_chemical-peel-for-acne,34,Chemical Peels for Acne,chemical-peel-for-acne,skin,Acne & Acne Scar Procedures,Superficial chemical peels used as an adjunct for selected acne and post-acne marks.,"Acne peels commonly use salicylic acid, glycolic acid or combination formulations to exfoliate the skin and reduce follicular congestion. They are adjunctive treatments rather than replacements for medical acne therapy.","1. Comedonal acne
2. Oily skin
3. Post-acne discoloration
4. Rough texture","• Helps exfoliate follicles and surface skin
• Can reduce comedonal congestion
• May improve post-acne marks","The peel is applied to prepared skin for a controlled period. Mild stinging, redness and later peeling may occur.",Usually a series of treatments several weeks apart when indicated.,"Usually mild redness, dryness or peeling for a few days.","• Active dermatitis, infection or significant irritation may require postponement. Sun protection is important.","Q: Can a chemical peel replace acne medication?
A: Usually not. Peels can complement medical acne treatment, but the underlying acne pattern determines the overall plan.","salicylic-acid-peel, glycolic-acid-peel, comedone-extraction",https://images.unsplash.com/photo-1616394584738-fc6e612e71b9?q=80&w=1200&auto=format&fit=crop,System,,Active
proc_acne-scar-treatment,35,Acne Scar Treatment,acne-scar-treatment,skin,Acne & Acne Scar Procedures,Personalized treatment plan combining procedures according to acne-scar type and severity.,"Acne scars are not one condition. Depressed rolling, boxcar and ice-pick scars often need different approaches, and a dermatologist may combine subcision, microneedling, radiofrequency, laser, TCA CROSS or fillers.","1. Rolling scars
2. Boxcar scars
3. Ice-pick scars
4. Mixed acne-scar patterns","• Can make scars less noticeable
• Treatment is individualized by scar type
• Combination therapy can address different scar mechanisms","The dermatologist maps scar type and depth, then selects one or more procedures. Several treatment cycles are commonly needed because collagen remodeling takes time.",Usually a multi-session plan; intervals vary by procedure and healing.,Ranges from 1–2 days for some procedures to a week or longer for more aggressive resurfacing.,• Active acne should generally be controlled first. Pigment risk and healing time vary with skin type and treatment depth.,"Q: Can acne scars be completely removed?
A: Usually the goal is improvement rather than complete removal. Different scar types respond differently and several sessions may be needed.","microneedling, rf-microneedling, subcision, tca-cross, acne-scar-laser",https://images.unsplash.com/photo-1616394584738-fc6e612e71b9?q=80&w=1200&auto=format&fit=crop,System,,Active
proc_microneedling,36,Microneedling,microneedling,skin,Acne & Acne Scar Procedures,Collagen-induction procedure using fine needles to create controlled micro-injuries in the skin.,"Microneedling creates numerous controlled microchannels that trigger a wound-healing response and collagen production. It is used for acne scars, texture, pores and some pigmentation concerns.","1. Acne scars
2. Uneven texture
3. Enlarged pores
4. Fine lines","• Stimulates collagen remodeling
• Can improve texture and scar appearance
• Generally suitable for a wide range of skin tones when properly performed","After topical numbing when needed, a sterile device is moved over the skin at controlled depth. Pinpoint bleeding may occur at deeper settings.","Often 3–6 treatments spaced about 4–6 weeks apart, but protocol varies.",Redness and sensitivity commonly last 1–3 days; deeper treatment can take longer.,"• Avoid active infection, significant inflammatory skin disease and poor wound healing. Do not use non-sterile home devices for medical treatment.","Q: Does microneedling hurt?
A: Topical numbing can substantially reduce discomfort; patients usually feel pressure, vibration or mild prickling.","rf-microneedling, acne-scar-treatment, prp-facial, texture-improvement",https://images.unsplash.com/photo-1616394584738-fc6e612e71b9?q=80&w=1200&auto=format&fit=crop,System,,Active
proc_rf-microneedling,37,RF Microneedling,rf-microneedling,skin,Acne & Acne Scar Procedures,Microneedling combined with radiofrequency energy to stimulate collagen at controlled depths.,"RF microneedling uses needles to deliver radiofrequency heat into the skin. Combining mechanical micro-injury with controlled thermal energy can stimulate collagen remodeling and is used for scars, texture and selected laxity concerns.","1. Acne scars
2. Skin texture
3. Enlarged pores
4. Mild skin laxity","• Combines microneedling with controlled thermal energy
• Can improve scars and texture
• Usually less surface injury than fully ablative resurfacing",Topical numbing is commonly used. Needles enter the skin and radiofrequency energy is delivered at selected depths before the device is withdrawn.,"Usually a series of about 3–4 treatments spaced several weeks apart, depending on device and indication.","Redness, swelling and pinpoint marks commonly last a few days.","• Device settings and needle depth matter. Burns and pigment changes are possible, particularly with poor technique. Avoid active infection or significant inflammation.","Q: Is RF microneedling the same as regular microneedling?
A: No. RF microneedling adds radiofrequency heat below the skin surface, so the treatment depth and energy settings differ.","microneedling, acne-scar-treatment, rf-skin-tightening",https://images.unsplash.com/photo-1616394584738-fc6e612e71b9?q=80&w=1200&auto=format&fit=crop,System,,Active
proc_subcision,38,Subcision,subcision,skin,Acne & Acne Scar Procedures,Minor procedure that releases fibrous bands tethering depressed acne scars to deeper tissue.,Subcision uses a needle or cannula placed beneath a depressed scar to sever fibrous attachments that pull the scar downward. It is particularly relevant to rolling or tethered scars.,"1. Rolling acne scars
2. Tethered depressed scars
3. Selected depressed traumatic scars","• Releases tethered scar tissue
• Can raise depressed scars
• Often combined with resurfacing or fillers for mixed scar patterns","After local anesthesia, a needle or cannula is passed beneath the scar to release fibrous bands. Bruising and swelling are common afterward.",Often performed as a series separated by several weeks to months depending on scar response.,"Bruising, swelling and tenderness can last several days; occasionally longer.","• Infection, hematoma, post-inflammatory pigment change and irregular contour are possible. Procedure should be performed by an experienced clinician.","Q: Does subcision work for ice-pick scars?
A: It is generally more useful for rolling/tethered scars. Ice-pick scars often need a focal treatment such as TCA CROSS or another approach.","tca-cross, acne-scar-treatment, microneedling",https://images.unsplash.com/photo-1616394584738-fc6e612e71b9?q=80&w=1200&auto=format&fit=crop,System,,Active
proc_tca-cross,39,TCA CROSS,tca-cross,skin,Acne & Acne Scar Procedures,Focal trichloroacetic-acid application used mainly for ice-pick and selected boxcar acne scars.,TCA CROSS means chemical reconstruction of skin scars. High-concentration TCA is applied precisely inside selected atrophic scars to stimulate localized remodeling. It is not the same as applying a TCA peel to the whole face.,"1. Ice-pick acne scars
2. Deep narrow boxcar scars
3. Selected atrophic scars","• Targets individual depressed scars
• Can improve scar depth over multiple treatments
• Can complement resurfacing or subcision","The clinician applies TCA focally into individual scar depressions. A white frosting reaction is expected at the treated sites, followed by crusting and healing.",Usually multiple sessions separated by several weeks; exact frequency depends on response and skin type.,Crusting and redness can last several days; pigment changes may persist longer.,"• Higher concentrations increase risk of post-inflammatory pigment changes and scarring if misapplied. Precise professional application is essential, especially in darker skin.","Q: Is TCA CROSS the same as a TCA facial peel?
A: No. CROSS applies TCA focally inside individual scars, whereas a peel treats a broader skin area.","acne-scar-treatment, subcision, chemical-peel",https://images.unsplash.com/photo-1598440947619-2c35fc9aa908?q=80&w=1200&auto=format&fit=crop,System,,Active
proc_hyperpigmentation-treatment,40,Hyperpigmentation Treatment,hyperpigmentation-treatment,skin,Pigmentation & Uneven Skin Tone,"Diagnosis-led treatment for excess skin pigment using sun protection, topical therapy and selected procedures.","Hyperpigmentation has many causes, including melasma, post-inflammatory hyperpigmentation and sun-induced pigment. Treatment should begin by identifying the cause; procedures may include chemical peels, lasers or light treatments in selected patients.","1. Melasma
2. Post-inflammatory hyperpigmentation
3. Sun spots
4. Uneven facial tone","• Targets the cause and appearance of excess pigment
• Can combine home treatment with procedures
• Long-term control is possible for some conditions, although recurrence can occur","The clinician evaluates distribution, triggers and skin type. Treatment may combine daily photoprotection with topical agents and, when appropriate, a procedure.",Usually a longer-term plan; procedural sessions vary by diagnosis and response.,"Depends on the treatment selected, from none to several days.","• Sun protection is central. Aggressive procedures can worsen pigmentation, especially in darker skin. Melasma often needs ongoing maintenance.","Q: Can hyperpigmentation be permanently cured?
A: It depends on the cause. Some spots can be treated effectively, while conditions such as melasma commonly recur without maintenance and trigger control.","pigmentation-laser, chemical-peel, laser-toning",https://images.unsplash.com/photo-1573496359142-b8d87734a5a2?q=80&w=1200&auto=format&fit=crop,System,,Active
proc_anti-aging-treatments,41,Anti-aging Treatments,anti-aging-treatments,aesthetics,Anti-Aging & Facial Aesthetics,"Umbrella category covering non-surgical treatments for wrinkles, volume loss, pigmentation and skin laxity.","Anti-ageing treatment is a category, not a single procedure. Depending on the concern, clinicians may use botulinum toxin, fillers, lasers, peels, microneedling, radiofrequency, ultrasound or skin-quality treatments.","1. Fine lines and wrinkles
2. Loss of facial volume
3. Skin laxity
4. Photoaging and uneven texture","• Addresses different components of facial ageing
• Can be tailored to specific concerns
• Non-surgical options can provide gradual or targeted changes","A clinician assesses facial movement, skin quality, volume and laxity before recommending treatments. Different procedures have very different risks and recovery.",Varies from one-time treatments to maintenance every few months or years depending on modality.,Ranges from none to several days or longer.,• Realistic expectations are important. Injectable and energy-based procedures carry procedure-specific risks and should be performed by appropriately trained clinicians.,"Q: What is the best anti-ageing procedure?
A: It depends on whether the main issue is movement-related lines, volume loss, skin quality or laxity.","botox, dermal-fillers, rf-skin-tightening, hifu, microneedling",https://images.unsplash.com/photo-1616394584738-fc6e612e71b9?q=80&w=1200&auto=format&fit=crop,System,,Active
proc_botox-botulinum-toxin,42,Botox / Botulinum Toxin,botox-botulinum-toxin,aesthetics,Anti-Aging & Facial Aesthetics,Injectable botulinum toxin that temporarily reduces targeted muscle activity to soften dynamic lines.,"Botulinum toxin is a prescription medicine injected into selected muscles. It reduces nerve-to-muscle signaling, temporarily weakening the targeted muscle and softening dynamic wrinkles. It is also used medically for conditions such as excessive sweating.","1. Frown lines
2. Forehead lines
3. Crow's feet
4. Selected facial muscle-related concerns","• Softens dynamic facial lines
• Results develop over several days
• Treatment is quick and does not require surgery","A clinician maps facial movement and injects small amounts into selected muscles. Small bumps, redness or bruising can occur temporarily.","Effects commonly become noticeable within days and last about 3–4 months, though duration varies by person and area.",Usually no meaningful downtime; small injection-site bumps or bruises can occur.,"• Must be prescribed and administered in an appropriate medical setting. Tell the clinician about neuromuscular disorders, pregnancy/breastfeeding and medications.","Q: Will Botox freeze my face?
A: Appropriate dosing aims to reduce targeted muscle activity while preserving natural expression; excessive or misplaced treatment can produce unwanted weakness.","dermal-fillers, skin-boosters, excessive-sweating-treatment",https://images.unsplash.com/photo-1616394584738-fc6e612e71b9?q=80&w=1200&auto=format&fit=crop,System,,Active
proc_dermal-fillers,43,Dermal Fillers,dermal-fillers,aesthetics,Anti-Aging & Facial Aesthetics,"Injectable materials used to restore volume, soften selected lines and enhance facial contours.","Dermal fillers are injectable medical devices/materials. Hyaluronic acid is commonly used, while other filler materials have different properties and durations. Fillers can add volume to lips, cheeks, chin or other areas and may also improve selected scars.","1. Facial volume loss
2. Lip augmentation
3. Cheek or chin contouring
4. Selected folds and scars","• Immediate volume change with many fillers
• Can restore or reshape selected facial areas
• Some hyaluronic-acid fillers can be dissolved with hyaluronidase when clinically appropriate","The clinician assesses anatomy and goals, cleans the skin and injects filler using a needle or cannula. Swelling and bruising are common after treatment.","Often one treatment with review after swelling settles; duration depends strongly on product, area and metabolism.","Swelling, tenderness and bruising commonly last several days; some areas can remain swollen longer.",• Rare but serious vascular complications can occur. Fillers should only be injected by an appropriately trained medical professional using approved products.,"Q: Are all fillers reversible?
A: No. Hyaluronic-acid fillers can often be treated with hyaluronidase, but other filler materials may not be readily reversible.","botox, skin-boosters, facial-contouring",https://images.unsplash.com/photo-1616394584738-fc6e612e71b9?q=80&w=1200&auto=format&fit=crop,System,,Active
proc_skin-boosters,44,Skin Boosters,skin-boosters,aesthetics,Anti-Aging & Facial Aesthetics,Injectable skin-quality treatment intended to improve hydration and selected aspects of skin texture and elasticity.,"Skin boosters are a broad category of injectable products placed superficially or within the dermis. Formulations vary and may include hyaluronic acid or other materials, so evidence, indications and duration depend on the specific product.","1. Dehydrated-looking skin
2. Fine superficial lines
3. Reduced skin elasticity
4. Skin-quality concerns","• Can improve hydration and skin quality
• Usually changes skin quality rather than facial structure
• Some products may stimulate collagen or other remodeling responses","The clinician cleans the skin, may apply numbing, and delivers multiple small injections across the treatment area.",Often performed as an initial series followed by maintenance; exact schedule is product-specific.,"Small bumps, redness, swelling or bruising can occur for a few days.","• The term 'skin booster' covers different products. Patients should ask exactly what product is being injected, its approved use and potential complications.","Q: Are skin boosters the same as dermal fillers?
A: Not exactly. Skin boosters are generally intended to improve skin quality and hydration, while fillers are primarily used to add or restore volume, although products can overlap.","dermal-fillers, skin-hydration-treatment, prp-facial",https://images.unsplash.com/photo-1616394584738-fc6e612e71b9?q=80&w=1200&auto=format&fit=crop,System,,Active
proc_prp-facial,45,PRP Facial,prp-facial,aesthetics,Anti-Aging & Facial Aesthetics,"Autologous platelet-rich plasma used on facial skin, often alongside microneedling or injections.","PRP facial treatment uses a patient's own blood, processed to concentrate platelets and growth factors. PRP may be applied during microneedling or injected, with evidence varying by indication and protocol.","1. Skin texture
2. Fine lines
3. Acne scars as an adjunct
4. Selected skin-quality concerns","• Uses the patient's own blood product
• May support collagen remodeling
• Can be combined with microneedling in some protocols",A small blood sample is drawn and centrifuged. The platelet-rich portion is then applied or injected according to the selected protocol.,Often performed as a series of treatments spaced several weeks apart; exact protocol varies.,"Redness, swelling, pinpoint bleeding or bruising can occur, particularly when combined with microneedling or injections.",• Evidence varies by indication. Sterile processing is essential. Tell the clinician about bleeding disorders and medications that affect clotting.,"Q: Is PRP a permanent skin treatment?
A: No. Any improvement is not necessarily permanent, and the strength of evidence varies by indication and treatment protocol.","microneedling, skin-boosters, prp-therapy",https://images.unsplash.com/photo-1616394584738-fc6e612e71b9?q=80&w=1200&auto=format&fit=crop,System,,Active
proc_rf-skin-tightening,46,RF Skin Tightening,rf-skin-tightening,aesthetics,Anti-Aging & Facial Aesthetics,Non-surgical radiofrequency treatment that heats deeper skin layers to stimulate collagen remodeling and improve firmness.,"Radiofrequency devices deliver electromagnetic energy that produces controlled heating in tissue. Over time, the wound-healing response can increase collagen remodeling and improve the appearance of mild skin laxity.","1. Mild facial skin laxity
2. Neck laxity
3. Fine lines
4. Selected body skin laxity","• Non-surgical approach to mild laxity
• Can improve firmness and texture gradually
• Usually little interruption to daily activities",The skin is cleansed and a handpiece is moved over the treatment area. Patients typically feel warmth and sometimes tingling.,Some people need 2–6 treatments; others may receive a single treatment depending on device and goals. Changes can develop over months.,Usually minimal; temporary redness or swelling may occur.,"• Excessive energy can cause burns. Device choice and settings matter, and active skin disease should be discussed with the clinician.","Q: How quickly does RF tightening work?
A: Some changes can be noticed early, but collagen remodeling develops over months and results vary by device and patient.","hifu, rf-microneedling, anti-aging-treatments",https://images.unsplash.com/photo-1616394584738-fc6e612e71b9?q=80&w=1200&auto=format&fit=crop,System,,Active
proc_hifu,47,HIFU,hifu,aesthetics,Anti-Aging & Facial Aesthetics,Focused ultrasound treatment used to create controlled thermal effects at selected depths for skin tightening.,"HIFU uses focused ultrasound energy to create small zones of heating at targeted depths. It is a non-surgical option for selected mild-to-moderate laxity, but outcomes depend on device, treatment depth and patient anatomy.","1. Mild to moderate facial laxity
2. Jawline definition
3. Neck laxity
4. Selected brow/cheek lifting goals","• Non-surgical tightening approach
• Targets deeper tissue without an incision
• Results develop gradually as tissue remodels","Ultrasound gel is applied and the handpiece delivers focused pulses at selected depths. Patients may feel heat, tingling or brief discomfort.",Some protocols use one treatment with reassessment; others may use repeat treatment depending on response.,Usually little downtime; tenderness or swelling can occur temporarily.,• Appropriate depth and energy settings are important. Results are generally more modest than surgery and vary with skin laxity and anatomy.,"Q: Is HIFU a replacement for a facelift?
A: No. HIFU is non-surgical and generally provides more subtle tightening than surgical lifting.","rf-skin-tightening, thread-lift, facial-contouring",https://images.unsplash.com/photo-1616394584738-fc6e612e71b9?q=80&w=1200&auto=format&fit=crop,System,,Active
proc_thread-lift,48,Thread Lift,thread-lift,aesthetics,Anti-Aging & Facial Aesthetics,Minimally invasive lifting procedure using absorbable medical threads placed under the skin.,Thread lift procedures place medical-grade threads under the skin to provide a mechanical lifting effect and stimulate a local healing response. Results are generally subtle and temporary compared with surgical lifting.,"1. Early facial laxity
2. Selected jawline or cheek laxity
3. Selected neck laxity
4. Mild brow lifting in appropriate cases","• Can provide a subtle lifting effect
• Minimally invasive compared with a facelift
• Usually short recovery","Local anesthesia is used. Threads are inserted with a needle or cannula and positioned under the skin. Swelling, bruising and soreness are common.","Results are temporary; many sources report roughly 1–3 years depending on thread and patient, with gradual loss as threads are absorbed.",Bruising and swelling can last several days; tenderness may persist longer.,"• Potential complications include infection, bleeding, asymmetry, dimpling or thread visibility/palpability. Appropriate patient selection is important.","Q: Is a thread lift permanent?
A: No. The threads are generally absorbable and the lifting effect is temporary.","hifu, rf-skin-tightening, facial-contouring",https://images.unsplash.com/photo-1616394584738-fc6e612e71b9?q=80&w=1200&auto=format&fit=crop,System,,Active
proc_facial-contouring,49,Facial Contouring,facial-contouring,aesthetics,Anti-Aging & Facial Aesthetics,"Treatment planning to change or restore facial proportions using injectables, devices or other procedures.","Facial contouring is a treatment goal rather than one procedure. Depending on anatomy and the desired change, a clinician may use fillers, botulinum toxin, energy-based treatment or, in selected cases, surgery.","1. Cheek definition
2. Chin projection
3. Jawline definition
4. Selected jowl or facial-volume concerns","• Can alter facial proportions without surgery in selected cases
• Treatment can be individualized to anatomy
• Different modalities address volume, muscle or laxity","A clinician assesses facial symmetry, bone structure, soft tissue volume and skin laxity before selecting an approach.","Depends on modality; fillers may be one session with review, while energy treatments may require a series.",Ranges from none to several days of swelling/bruising depending on procedure.,"• Facial anatomy and vascular risk matter, especially with fillers. Results and suitability should be discussed using realistic expectations.","Q: Does facial contouring always mean fillers?
A: No. Contouring can involve fillers, muscle-relaxing injections, energy treatments or surgery depending on the specific anatomical goal.","dermal-fillers, botox, hifu, rf-skin-tightening",https://images.unsplash.com/photo-1616394584738-fc6e612e71b9?q=80&w=1200&auto=format&fit=crop,System,,Active
proc_prp-therapy,50,PRP Therapy,prp-therapy,hair,Hair & Scalp Aesthetics,Autologous platelet-rich plasma injections used as an adjunct treatment for selected types of hair loss.,"PRP therapy for hair loss uses a patient's own blood, processed to concentrate platelets, then injected into areas of thinning. Evidence supports possible benefit for some patients, particularly androgenetic alopecia, but response is variable and PRP does not replace diagnosis or standard treatment.","1. Androgenetic/pattern hair loss
2. Selected diffuse thinning
3. Selected hair-loss conditions after diagnosis","• Uses the patient's own blood product
• May improve hair density in some patients
• Can be combined with established hair-loss treatments","Blood is drawn and centrifuged, and the platelet-rich fraction is injected into the scalp after appropriate preparation and numbing.",Often an initial series of treatments followed by maintenance; exact protocol varies widely.,"Scalp tenderness, swelling or headache can occur for a day or two; usually little downtime.",• Hair loss has many causes. Diagnosis is important before PRP. Results are variable and maintenance may be needed.,"Q: Does PRP regrow hair for everyone?
A: No. Evidence is strongest for selected hair-loss disorders and response varies between patients.","microneedling-for-hair, hair-fall-management, scalp-treatments",https://images.unsplash.com/photo-1616394584738-fc6e612e71b9?q=80&w=1200&auto=format&fit=crop,System,,Active
proc_hair-fall-management,51,Hair Fall Management,hair-fall-management,hair,Hair & Scalp Aesthetics,Diagnosis-led treatment plan for hair shedding or thinning using medical therapy and selected procedures.,"Hair loss can result from androgenetic alopecia, telogen effluvium, alopecia areata, nutritional or hormonal factors and other conditions. Management begins with diagnosis and may include medicines, lifestyle correction, PRP, low-level light therapy or referral for hair transplantation when appropriate.","1. Pattern hair loss
2. Excessive shedding
3. Diffuse thinning
4. Selected alopecia disorders","• Identifies the underlying cause
• Can combine medical and procedural options
• Earlier diagnosis can help prevent unnecessary treatment","The clinician reviews onset, pattern, medical history and scalp findings. Dermoscopy and selected laboratory tests may be used before treatment is chosen.",There is no universal session schedule; medication and procedural plans depend on diagnosis and response.,Varies by treatment; procedures may cause short-term scalp tenderness.,"• Do not treat unexplained hair loss solely as a cosmetic issue. Pregnancy, medications and medical conditions can affect treatment choice.","Q: Is hair fall always treated with PRP?
A: No. PRP is only one option and may not be appropriate for the underlying cause.","prp-therapy, microneedling-for-hair, scalp-treatments",https://images.unsplash.com/photo-1616394584738-fc6e612e71b9?q=80&w=1200&auto=format&fit=crop,System,,Active
proc_scalp-treatments,52,Scalp Treatments,scalp-treatments,hair,Hair & Scalp Aesthetics,"Clinician-selected treatments for scalp health, dandruff, inflammation or hair-growth concerns.","Scalp treatment is an umbrella term. Depending on the diagnosis, management may include medicated topical therapy, procedures such as PRP or microneedling, or treatment of seborrheic dermatitis and other scalp conditions.","1. Scalp inflammation
2. Dandruff/seborrheic dermatitis
3. Hair thinning
4. Scalp dryness or oiliness","• Treats the underlying scalp condition
• Can support hair-loss management when appropriate
• Treatment is tailored to diagnosis","The scalp is examined and the cause of symptoms is identified. The plan may include medication, procedures or both.",Depends entirely on diagnosis and treatment; procedural courses may involve multiple visits.,Ranges from none to a few days of tenderness or redness after procedures.,• Avoid self-treating persistent hair loss or severe scalp inflammation without diagnosis. Tell the clinician about medications and previous treatments.,"Q: Can a scalp treatment stop hair loss by itself?
A: Only if it addresses the underlying cause; many types of hair loss require diagnosis-specific medical treatment.","prp-therapy, hair-fall-management, microneedling-for-hair",https://images.unsplash.com/photo-1616394584738-fc6e612e71b9?q=80&w=1200&auto=format&fit=crop,System,,Active
proc_microneedling-for-hair,53,Microneedling for Hair,microneedling-for-hair,hair,Hair & Scalp Aesthetics,Scalp microneedling used as an adjunct for selected hair-loss conditions.,"Microneedling creates controlled micro-injuries in the scalp and may stimulate wound-healing pathways. Some studies suggest benefit when combined with standard treatments for androgenetic hair loss, but evidence and protocols vary.","1. Selected androgenetic alopecia
2. Hair thinning as an adjunct to medical therapy
3. Selected scalp treatment protocols","• May stimulate local healing responses
• May improve delivery of topical treatments in some protocols
• Can be combined with other hair-loss therapies",The scalp is cleaned and the device is passed over thinning areas at a clinician-selected depth. Mild pinpoint bleeding may occur.,Often performed weekly to monthly depending on protocol; evidence does not support one universal schedule.,"Tenderness, redness and mild swelling can occur for a day or two.",• Diagnosis is essential. Device depth differs from facial microneedling and improper technique can cause infection or scarring.,"Q: Is scalp microneedling a standalone cure for hair loss?
A: No. Evidence is mainly as an adjunct for selected hair-loss disorders and it should follow diagnosis.","prp-therapy, hair-fall-management, microneedling",https://images.unsplash.com/photo-1616394584738-fc6e612e71b9?q=80&w=1200&auto=format&fit=crop,System,,Active
proc_laser-hair-reduction-body,54,Laser Hair Reduction – Body,laser-hair-reduction-body,hair,Body Aesthetic Procedures,Laser treatment that targets hair follicles to produce long-term reduction in unwanted body hair.,Laser hair removal/reduction uses selected wavelengths absorbed by melanin in the hair follicle. Multiple sessions are needed because hairs respond best during particular growth phases. It is generally described as permanent hair reduction rather than guaranteed complete removal.,"1. Legs and arms
2. Underarms
3. Back and chest
4. Bikini/body hair","• Long-term reduction in hair growth
• Can reduce shaving and ingrown-hair problems in selected patients
• Treatment is relatively quick for many body areas",The area is shaved as instructed and laser pulses are delivered with cooling. A snapping or warm sensation is common. Hair sheds over the following days or weeks.,"Commonly about 6–8 sessions spaced roughly 4–8 weeks apart, followed by maintenance when needed; exact schedule varies by area and hair cycle.",Redness and follicular swelling are common for several hours; pigment changes or burns are uncommon but possible.,"• Recent tanning increases risk. Laser choice should account for skin tone and hair colour; very light, grey or white hair responds poorly because of limited melanin.","Q: Is laser hair removal completely permanent?
A: It is better described as long-term hair reduction. Some hairs can regrow and maintenance may be needed.","laser-hair-reduction-face, ipl, skin-rejuvenation",https://images.unsplash.com/photo-1616394584738-fc6e612e71b9?q=80&w=1200&auto=format&fit=crop,System,,Active
proc_chemical-peels-body,55,Chemical Peels – Body,chemical-peels-body,aesthetics,Body Aesthetic Procedures,"Superficial chemical peels used on selected body areas for texture, acne, pigmentation or keratosis-related concerns.","Body chemical peels use acids such as salicylic, glycolic, lactic or TCA depending on the diagnosis and body site. Skin thickness and pigment risk vary across body areas, so strength must be individualized.","1. Body acne
2. Post-inflammatory pigmentation
3. Rough texture
4. Selected keratosis or follicular congestion","• Exfoliates superficial skin
• Can improve selected pigment and texture concerns
• Can complement topical treatment","The area is cleansed and the chosen peel is applied for a controlled time, then removed or neutralized as required.",Usually a series spaced several weeks apart when indicated.,"Dryness, redness and peeling can occur for several days.","• Body skin can also develop post-inflammatory pigmentation. Avoid use on irritated, infected or recently waxed/shaved skin unless advised by the clinician.","Q: Are body peels stronger than facial peels?
A: Not automatically. The correct strength depends on the body area, diagnosis and patient's skin response.","pigmentation-treatment, chemical-peel, body-pigmentation-treatment",https://images.unsplash.com/photo-1616394584738-fc6e612e71b9?q=80&w=1200&auto=format&fit=crop,System,,Active
proc_body-pigmentation-treatment,56,Body Pigmentation Treatment,body-pigmentation-treatment,aesthetics,Body Aesthetic Procedures,Diagnosis-led treatment for dark patches or uneven pigmentation on body skin.,"Body pigmentation can follow acne, friction, inflammation, hormones or other conditions. Treatment may combine trigger control, topical therapy and selected peels or lasers after the cause is established.","1. Post-inflammatory hyperpigmentation
2. Friction-related darkening
3. Selected sun-related pigmentation
4. Uneven body tone","• Addresses the cause as well as visible pigment
• Can improve uneven tone gradually
• Treatment can be tailored to body site and skin type","The clinician identifies the cause and chooses a conservative plan. Procedures, if used, are generally staged to limit irritation and pigment rebound.",Usually a longer-term course; procedural frequency depends on treatment and response.,Varies from none to several days of redness or peeling.,"• Aggressive treatment can worsen pigment, especially in darker skin. Treating the underlying trigger is important.","Q: Can body pigmentation be treated like facial pigmentation?
A: Not always. Body skin, causes and friction patterns differ, so the treatment plan should be site-specific.","chemical-peels-body, hyperpigmentation-treatment, chemical-peel",https://images.unsplash.com/photo-1616394584738-fc6e612e71b9?q=80&w=1200&auto=format&fit=crop,System,,Active
proc_stretch-mark-treatment,57,Stretch Mark Treatment,stretch-mark-treatment,aesthetics,Body Aesthetic Procedures,Procedural treatment aimed at making stretch marks less noticeable through collagen remodeling and pigment/texture improvement.,"Stretch marks (striae) are a type of dermal scar associated with skin stretching. They can fade naturally over time but usually cannot be completely erased. Treatment may include microneedling, fractional laser, radiofrequency or selected topical therapy depending on whether marks are newer and red or older and pale.","1. Early red/purple stretch marks
2. Older white stretch marks
3. Texture irregularity from striae","• Can reduce visibility of stretch marks
• May improve texture and colour contrast
• Multiple modalities can be considered",The clinician assesses the age and colour of the stretch marks and chooses a resurfacing or collagen-remodeling approach. Improvement is gradual.,Usually requires multiple sessions separated by several weeks.,"Redness, swelling or peeling can last several days depending on treatment depth.",• Complete removal is unlikely. Laser treatment requires extra care in darker skin because of pigment risk.,"Q: Can stretch marks be completely removed?
A: Usually not. Treatment aims to make them less noticeable and improve texture or colour.","microneedling, rf-microneedling, acne-scar-laser",https://images.unsplash.com/photo-1616394584738-fc6e612e71b9?q=80&w=1200&auto=format&fit=crop,System,,Active
proc_skin-tightening-procedures,58,Skin Tightening Procedures,skin-tightening-procedures,aesthetics,Body Aesthetic Procedures,Non-surgical procedures used to improve the appearance of mild skin laxity on the face or body.,"Skin tightening is a category that includes radiofrequency, focused ultrasound and some other energy-based technologies. Outcomes depend on the degree of laxity, treatment area, device and patient factors.","1. Mild facial laxity
2. Neck laxity
3. Mild body skin laxity
4. Early age-related loss of firmness","• Non-surgical approach
• Can stimulate collagen remodeling
• Usually less recovery than surgery",The clinician assesses laxity and selects an energy-based device. Treatment generally produces controlled heating or focused energy without an incision.,Some devices use a single treatment while others require 2–6 sessions; maintenance may be recommended.,"Usually minimal downtime; temporary redness, swelling or tenderness may occur.",• Energy settings must be appropriate to avoid burns. Severe laxity may respond better to surgery than non-surgical treatment.,"Q: Can skin tightening remove large amounts of loose skin?
A: Non-surgical tightening is generally best for mild to moderate laxity and cannot replicate surgical skin removal.","rf-skin-tightening, hifu, thread-lift",https://images.unsplash.com/photo-1616394584738-fc6e612e71b9?q=80&w=1200&auto=format&fit=crop,System,,Active
proc_excessive-sweating-treatment,59,Excessive Sweating Treatment,excessive-sweating-treatment,aesthetics,Body Aesthetic Procedures,Treatment for focal hyperhidrosis using medical therapies or procedures chosen according to the affected area.,"Hyperhidrosis is excessive sweating beyond what is needed for temperature regulation. Treatment may include topical antiperspirants, iontophoresis, botulinum toxin injections, oral medicines or selected device-based options.","1. Underarm sweating
2. Palmar sweating
3. Plantar sweating
4. Other focal hyperhidrosis","• Can substantially reduce sweating in treated areas
• Multiple treatment options exist
• Treatment can be tailored to the body site","The clinician identifies the distribution and severity of sweating. For botulinum toxin, small injections are placed in the affected area; iontophoresis uses a low electrical current through water.",Botulinum toxin commonly lasts several months; iontophoresis requires an initial series followed by maintenance.,Injection-site pain or bruising can occur with botulinum toxin. Iontophoresis can cause temporary skin irritation.,• Underlying medical causes and medicines should be considered. Botulinum toxin must be administered in a medical setting.,"Q: Does Botox help excessive sweating?
A: Yes. Botulinum toxin can temporarily block the nerve signals that stimulate sweat glands in treated areas.","botox, skin-rejuvenation",https://images.unsplash.com/photo-1616394584738-fc6e612e71b9?q=80&w=1200&auto=format&fit=crop,System,,Active
proc_under-eye-rejuvenation,60,Under-eye Rejuvenation,under-eye-rejuvenation,aesthetics,Specialized Dermatological Aesthetics,"Personalized treatment for under-eye pigmentation, hollowness, fine lines or texture after identifying the underlying cause.","Dark circles and under-eye ageing have multiple causes, including pigment, visible vessels, shadowing from hollowness, thin skin and lifestyle factors. Treatment may involve skincare, lasers, fillers or other procedures depending on the cause.","1. Under-eye pigmentation
2. Tear-trough hollowness
3. Fine lines
4. Thin or crepey skin","• Targets the specific cause rather than treating all dark circles alike
• Can improve the appearance of selected under-eye concerns
• Treatment can be conservative and staged","The clinician examines pigment, vascular visibility, volume and skin texture. Treatment is chosen only after identifying the dominant contributor.",Varies by treatment; injectable or device-based plans may require one or several sessions.,"Depends on modality; fillers can cause swelling/bruising, while topical/laser treatments have different recovery profiles.",• The under-eye area is anatomically sensitive. Filler carries rare but serious vascular risks and should only be performed by highly experienced injectors.,"Q: Will filler fix every type of dark circle?
A: No. Filler mainly addresses volume-related shadowing and does not directly treat every pigment or vascular cause.","dermal-fillers, under-eye-peel, skin-boosters",https://images.unsplash.com/photo-1616394584738-fc6e612e71b9?q=80&w=1200&auto=format&fit=crop,System,,Active
proc_lip-pigmentation-treatment,61,Lip Pigmentation Treatment,lip-pigmentation-treatment,aesthetics,Specialized Dermatological Aesthetics,"Diagnosis-led approach for darkened lips using trigger control, topical care and selected procedures.","Lip pigmentation can result from genetics, sun exposure, irritation, smoking, inflammation or medications. Treatment should address the cause before considering cosmetic procedures such as carefully selected peels or lasers.","1. Post-inflammatory lip pigmentation
2. Sun-related darkening
3. Selected cosmetic pigmentation concerns
4. Pigmentation after irritation","• Can improve uneven lip colour when the cause is treatable
• Addresses underlying triggers
• Procedures can be selected conservatively","The lips are examined for inflammation, dryness, medication exposure and other causes. If a procedure is appropriate, it is performed conservatively because lip tissue is sensitive.",Usually requires several treatments if a procedure is used; exact frequency depends on cause and modality.,"Dryness, irritation, swelling or peeling can occur depending on treatment.","• Active lip dermatitis, infection or unexplained persistent pigmentation should be assessed before cosmetic treatment. Sun protection for the lips is important.","Q: Can lip pigmentation always be removed?
A: No. Some causes are chronic or genetic, and aggressive treatment can itself cause irritation and more pigmentation.","under-eye-rejuvenation, hyperpigmentation-treatment, chemical-peel",https://images.unsplash.com/photo-1616394584738-fc6e612e71b9?q=80&w=1200&auto=format&fit=crop,System,,Active
proc_neck-rejuvenation,62,Neck Rejuvenation,neck-rejuvenation,aesthetics,Specialized Dermatological Aesthetics,"Treatment planning for neck lines, pigmentation, texture and mild laxity.","Neck ageing can involve horizontal lines, sun damage, pigmentation, skin laxity and platysmal muscle activity. Different concerns require different treatments, including skincare, injectables or energy-based procedures.","1. Neck lines
2. Mild neck laxity
3. Uneven pigmentation
4. Photoaging and texture changes","• Targets specific signs of neck ageing
• Non-surgical options are available for selected concerns
• Can combine skin-quality and tightening approaches","The clinician examines skin quality, muscle activity and laxity before choosing a treatment. The neck is more sensitive than many facial areas, so conservative treatment is common.",Depends on the concern and modality; may require a series or periodic maintenance.,Ranges from none to several days depending on treatment.,• Neck anatomy includes important blood vessels and nerves. Treatment should be performed by an experienced clinician with anatomy-specific planning.,"Q: Is one treatment enough for neck ageing?
A: Usually not for every concern. Neck lines, laxity and pigmentation may require different or combined approaches.","rf-skin-tightening, hifu, botox, skin-boosters",https://images.unsplash.com/photo-1616394584738-fc6e612e71b9?q=80&w=1200&auto=format&fit=crop,System,,Active
proc_hand-rejuvenation,63,Hand Rejuvenation,hand-rejuvenation,aesthetics,Specialized Dermatological Aesthetics,"Treatment for age-related changes in the hands including volume loss, pigmentation and skin texture.","Hand ageing can involve thinning skin, visible veins/tendons, pigmentation and loss of soft-tissue volume. Management may include photoprotection, pigment treatments, energy devices or fillers in selected cases.","1. Volume loss on the backs of hands
2. Sun spots
3. Thin or crepey skin
4. Uneven texture","• Can restore selected lost volume
• May reduce the appearance of sun-related pigment
• Improves skin quality in selected patients","The hands are assessed for volume, vessels, tendons and pigment. Treatment is selected according to the dominant concern.",Fillers may be one treatment with review; pigment/skin-quality procedures often require a series.,Swelling and bruising are possible after injections; laser/peel recovery depends on modality.,• Hand filler requires knowledge of complex anatomy and vascular structures. Pigment treatments can cause post-inflammatory colour change.,"Q: What does hand rejuvenation actually treat?
A: It can address volume loss, pigmentation and skin quality, but the best approach depends on which changes are most prominent.","dermal-fillers, pigmentation-laser, skin-rejuvenation",https://images.unsplash.com/photo-1616394584738-fc6e612e71b9?q=80&w=1200&auto=format&fit=crop,System,,Active
proc_scar-revision,64,Scar Revision,scar-revision,aesthetics,Specialized Dermatological Aesthetics,"Personalized treatment to make scars less noticeable by improving texture, colour or contour.","Scar revision is a broad term covering procedures such as laser resurfacing, microneedling, subcision, steroid injections or surgical revision. The correct approach depends on whether the scar is raised, depressed, widened, pigmented or red.","1. Acne scars
2. Depressed traumatic scars
3. Raised scars/keloids
4. Surgical scars","• Can improve scar texture, colour or contour
• Treatment is matched to scar type
• Combination therapy is often useful for complex scars","The clinician evaluates scar type, maturity, colour, thickness and skin tone before selecting treatment. Scar remodeling is gradual.",Usually multiple sessions for non-surgical approaches; surgical revision has a different timeline.,Varies widely from a few days to several weeks depending on procedure.,• No procedure guarantees complete scar removal. Raised scars may require medical injections or other specialized treatment rather than resurfacing alone.,"Q: Can a scar be completely removed?
A: Usually not. The aim is to make the scar less noticeable and improve its texture, colour or contour.","acne-scar-treatment, microneedling, acne-scar-laser, tca-cross",https://images.unsplash.com/photo-1616394584738-fc6e612e71b9?q=80&w=1200&auto=format&fit=crop,System,,Active
proc_stretch-mark-revision,65,Stretch-mark Revision,stretch-mark-revision,aesthetics,Specialized Dermatological Aesthetics,Procedural treatment aimed at reducing the appearance of established stretch marks.,"Established stretch marks are dermal scars. Revision treatments such as microneedling, fractional laser and radiofrequency can stimulate remodeling, but improvement is gradual and complete removal is unlikely.","1. Established white stretch marks
2. Textural irregularity
3. Broad areas of striae","• Can improve texture and visibility
• May reduce contrast between stretch marks and surrounding skin
• Multiple modalities can be considered",Treatment is performed over the affected area using a selected remodeling device. Several sessions are usually needed to see meaningful change.,Usually a course of multiple treatments spaced several weeks apart.,"Redness, swelling or peeling can occur for several days.",• Treatment should be individualized to skin tone and striae type. Laser treatment may have greater pigment risk in darker skin.,"Q: Is stretch-mark revision the same as stretch-mark removal?
A: No. Treatments aim to make stretch marks less noticeable rather than erase them completely.","stretch-mark-treatment, microneedling, rf-microneedling",https://images.unsplash.com/photo-1616394584738-fc6e612e71b9?q=80&w=1200&auto=format&fit=crop,System,,Active
proc_enlarged-pore-treatment,66,Enlarged Pore Treatment,enlarged-pore-treatment,aesthetics,Specialized Dermatological Aesthetics,"Treatment to reduce the appearance of enlarged pores by addressing oil, congestion, texture and collagen support.","Pore size is influenced by genetics, sebum production, follicular structure and skin ageing. Treatment can make pores less noticeable but cannot permanently eliminate normal skin pores.","1. Visible facial pores
2. Oily skin
3. Comedonal congestion
4. Uneven texture","• Can reduce visible congestion
• May smooth surrounding texture
• Can improve the appearance of pores through collagen remodeling","The clinician determines whether oil, congestion or loss of skin firmness is the main contributor. Treatment may combine home skincare with procedures.",Varies by treatment; peels may be repeated every few weeks and collagen-remodeling procedures usually require a series.,Ranges from none to several days depending on modality.,"• Avoid aggressive squeezing. Treatment should account for acne, sensitivity and pigment risk.","Q: Can pores be permanently closed?
A: No. Pores are normal skin structures. Treatment can reduce their appearance rather than eliminate them.","salicylic-acid-peel, microneedling, rf-microneedling, chemical-peel",https://images.unsplash.com/photo-1616394584738-fc6e612e71b9?q=80&w=1200&auto=format&fit=crop,System,,Active
proc_texture-improvement,67,Texture Improvement,texture-improvement,aesthetics,Specialized Dermatological Aesthetics,"Treatment category for roughness, uneven surface texture and visible fine lines.","Uneven texture can result from acne scars, enlarged pores, photodamage, dryness or ageing. Treatment is chosen according to the cause and may include skincare, peels, microneedling, RF microneedling or laser resurfacing.","1. Rough skin surface
2. Acne-scar texture
3. Enlarged pores
4. Fine lines and photoaging","• Smooths selected surface irregularities
• Can stimulate collagen remodeling
• Allows treatment to be tailored to the underlying cause","The clinician assesses whether texture is superficial, scar-related or caused by laxity. The selected procedure is then performed at an appropriate intensity.",Usually a series for collagen-remodeling treatments; superficial exfoliation may be repeated more frequently.,"Depends on modality, from minimal redness to several days of peeling or erythema.",• Active acne or inflammatory skin disease may need treatment first. Laser and deeper procedures carry greater pigment risk in darker skin.,"Q: What is the best treatment for uneven texture?
A: It depends on the cause. Acne scars, pores, dryness and photoaging can require different treatments.","microneedling, rf-microneedling, chemical-peel, acne-scar-laser",https://images.unsplash.com/photo-1616394584738-fc6e612e71b9?q=80&w=1200&auto=format&fit=crop,System,,Active